age,job,marital,Blood_suger
58,management,married,102
44,technician,single,93
33,entrepreneur,married,204
47,blue-collar,married,300
33,unknown,single,89
35,management,married,500
28,management,single,200
42,entrepreneur,divorced,98
58,retired,married,117
43,technician,single,99
41,admin.,divorced,102
29,admin.,single,93
53,technician,married,204
58,technician,married,300
57,services,married,89
51,retired,married,500
45,admin.,single,200
57,blue-collar,married,98
60,retired,married,117
33,services,married,99
28,blue-collar,married,102
56,management,married,93
32,blue-collar,single,204
25,services,married,300
40,retired,married,89
44,admin.,married,500
39,management,single,200
52,entrepreneur,married,98
46,management,single,117
36,technician,single,99
57,technician,married,102
49,management,married,93
60,admin.,married,204
59,blue-collar,married,300
51,management,married,89
57,technician,divorced,500
